question,script,expected_meaning,grade,top3_observation,top3_intent
aamchya bhagat konata tandul changala yeil,rom,VARIETY_SELECTION_QUERY,missed,stem_discoloration 0.29 | tank_mix_query 0.20 | yellowing 0.20,COLOR_CHANGE 0.42 | SEASONAL_TRANSITION_ALERT 0.36 | COTTON_NUTRIENT_DEFICIENCY_QUERY 0.16
ata konate khat dyave,rom,FERTILIZER_SCHEDULE,missed,irrigate 0.22 | alternate_furrow 0.18 | apply 0.17,COST_ESTIMATION_QUERY 0.14 | UNKNOWN_PEST_IDENTIFICATION 0.09 | IRRIGATION_QUERY 0.09
bhat pik kapanila ajun kiti divas baki,rom,CROP_MATURITY_QUERY,missed,red_pith 0.22 | poor_tillering 0.20 | leaf_distortion 0.18,DISEASE_LIKE_PATTERN 0.13 | ANIMAL_DAMAGE 0.12 | BEST_PRACTICE_GENERAL 0.11
can salicylic acid help soybean under drought or high temperature?,en,DROUGHT_STRESS_SIGNAL,found,high_temperature 1.00 | drought_area 0.62 | temperature_extreme 0.60,DROUGHT_STRESS_SIGNAL 0.53 | FLOOD_DROUGHT_DAMAGE 0.48 | SALINITY_PROBLEM 0.27
give me detailed schedule for rice,en,full crop schedule,partly,crushing_schedule 0.50 | fertilizer_schedule 0.50 | fertigation_schedule 0.48,FERTILIZER_SCHEDULE 0.50 | IRRIGATION_SCHEDULING_QUERY 0.45 | MARKET_PRICE_QUERY 0.23
growth stages?,en,CROP_STAGE_IDENTIFICATION,found,grand_growth_stage 0.71 | slow_early_growth 0.67 | growth_stage 0.63,GROWTH_ANOMALY 0.47 | CROP_STAGE_IDENTIFICATION 0.31 | STAGE_SPECIFIC_PROBLEM 0.25
how do i do seed dressing / seed treatment for soybean?,en,SEED_SETT_TREATMENT,found,seed_treatment 1.00 | treatment 1.00 | apply 0.63,TREATMENT_ROI_QUERY 0.63 | SEED_SETT_TREATMENT 0.49 | SEED_SELECTION 0.42
how do i prune a fig tree?,en,pruning (no fig in catalogue),missed,root_pruning 0.31 | treatment 0.30 | trash_in_field 0.24,SOIL_TYPE_MANAGEMENT 0.21 | LABOR_PLANNING_QUERY 0.20 | TREATMENT_ROI_QUERY 0.19
kahi thikani bhat pik valat aahe,rom,WILTING_OR_DROOPING,missed,seedling_mortality_post_transplant 0.29 | thrips 0.29 | thin_canes 0.27,TREATMENT_ROI_QUERY 0.19 | PEST_PRESENCE_VISIBLE 0.12 | VARIETY_SELECTION_QUERY 0.11
kahi thikani pik pivale zale aahe,rom,YELLOWING,missed,thrips 0.29 | thin_canes 0.27 | thin_stems 0.27,NDVI_ALERT_QUERY 0.17 | PEST_PRESENCE_VISIBLE 0.11 | TREATMENT_ROI_QUERY 0.09
kahi thikani tudtude disat aahet kay karu,rom,PEST_PRESENCE_VISIBLE (hoppers),missed,seedling_mortality_post_transplant 0.41 | thrips 0.29 | thin_canes 0.27,DISEASE_LIKE_PATTERN 0.19 | FUNGAL_VS_BACTERIAL_QUERY 0.12 | ANIMAL_DAMAGE 0.11
kds 726 he kay aaahe?,rom,variety info,missed,seedling_mortality_post_transplant 0.22 | heart_rot 0.20 | poor_tillering 0.17,SOIL_HEALTH_RESTORATION 0.17 | HEATWAVE_STRESS 0.17 | DEAD_HEART_DIAGNOSIS 0.12
konate pik ghevu,rom,NEXT_CROP_RECOMMENDATION,missed,red_pith 0.22 | irrigate 0.22 | alternate_furrow 0.18,COST_ESTIMATION_QUERY 0.14 | GROWTH_ANOMALY 0.11 | POST_HARVEST_HANDLING 0.08
majha kolhapur jilha aahe,rom,"statement, not a question",not a question,seedling_mortality_post_transplant 0.24 | no_match 0.22 | hoof_marks 0.18,MARKET_PRICE_QUERY 0.15 | LEAF_MARKS_OR_SPOTS 0.10 | NDVI_ALERT_QUERY 0.09
majhya pikachi kaay sthiti aahe,rom,CROP_HEALTH_DASHBOARD,missed,spray 0.33 | thin_stems 0.25 | seedling_mortality_post_transplant 0.24,STEM_DAMAGE 0.17 | HEATWAVE_STRESS 0.17 | MARKET_PRICE_QUERY 0.17
majya shetata me safarchnad lagvad karu shakto ka?,rom,new crop suitability,missed,spray_safety 0.25 | food_safety 0.25 | labor_safety 0.24,CHEMICAL_SAFETY_QUERY 0.19 | MARKET_PRICE_QUERY 0.15 | SALINITY_PROBLEM 0.13
mala gahu pik ghyache aahe ani konta van chnagala aahe,rom,VARIETY_SELECTION_QUERY,missed,seedling_mortality_post_transplant 0.24 | red_pith 0.22 | no_match 0.22,ANIMAL_DAMAGE 0.21 | COLOR_CHANGE 0.17 | MARKET_PRICE_QUERY 0.15
mala kds 726   याचे पिक घ्यायचे आहे संपूर्ण माहिती दे,mix,GENERAL_CROP_INFO,found,germination_complete 0.36 | irrigation_issue 0.32 | region_specific 0.32,GENERAL_CROP_INFO 0.37 | COTTON_WILT_QUERY 0.34 | CROP_MATURITY_QUERY 0.33
mala rice pik gyache aahe,rom,GENERAL_CROP_INFO,missed,market_price_low 0.27 | seedling_mortality_post_transplant 0.24 | red_pith 0.23,MARKET_PRICE_QUERY 0.33 | IPM_STRATEGY_QUERY 0.13 | BEST_PRACTICE_GENERAL 0.13
mi kanata us lavu,rom,VARIETY_SELECTION_QUERY,missed,poor_tillering 0.25 | level_land 0.20 | phalaris_minor_present 0.17,DOSAGE_CALCULATION_QUERY 0.14 | LABOR_PLANNING_QUERY 0.13 | EQUIPMENT_USAGE 0.13
mi konata tandul van nivadu,rom,VARIETY_SELECTION_QUERY,missed,tank_mix_query 0.22 | tank_mix_request 0.20 | tall_canes 0.18,DOSAGE_CALCULATION_QUERY 0.14 | TREATMENT_ROI_QUERY 0.14 | UNKNOWN_OBSERVATION 0.11
mi konata uas laavu,rom,VARIETY_SELECTION_QUERY,missed,level_land 0.20 | poor_tillering 0.17 | leaf_mining 0.17,DOSAGE_CALCULATION_QUERY 0.14 | LABOR_PLANNING_QUERY 0.13 | LEAF_DAMAGE_VISIBLE 0.08
mi konta us pik ghevu? koanti jat jast income dete?,rom,VARIETY_SELECTION_QUERY,missed,jassid 0.43 | blast 0.33 | red_pith 0.22,INTERCROPPING_QUERY 0.14 | DOSAGE_CALCULATION_QUERY 0.14 | UNKNOWN_PEST_IDENTIFICATION 0.13
my rice crop leaves have circular brown spots with grey centres. what should i do?,en,blast symptoms,partly,irregular_brown_spots 0.68 | brown_irregular_spots_leaf 0.68 | leaf_spot 0.63,HARVEST_TIMING 0.44 | CROP_INSURANCE 0.40 | PROACTIVE_SCHEDULE_QUERY 0.40
paaus nasale mule ajun bhat ugavale nahi,rom,EMERGENCE_FAILURE,missed,multi_crop 0.27 | trash_mulch 0.25 | mulching_query 0.20,NDVI_ALERT_QUERY 0.17 | DISEASE_LIKE_PATTERN 0.13 | UNKNOWN_OBSERVATION 0.11
pik valat aahe kay karu?,rom,WILTING_OR_DROOPING,missed,seedling_mortality_post_transplant 0.29 | red_pith 0.22 | apply 0.17,TREATMENT_ROI_QUERY 0.19 | PEST_PRESENCE_VISIBLE 0.12 | VARIETY_SELECTION_QUERY 0.11
pikala konte khat devu,rom,FERTILIZER_SCHEDULE,missed,red_pith 0.22 | root_decay 0.18 | plant_death 0.17,NUTRIENT_STRESS_SIGNAL 0.11 | DEAD_HEART_DIAGNOSIS 0.10 | UNKNOWN_PEST_IDENTIFICATION 0.09
pikat khup tan aale aahe,rom,WEED_PROBLEM,missed,seedling_mortality_post_transplant 0.24 | red_pith 0.22 | tank_mix_query 0.20,NDVI_ALERT_QUERY 0.17 | SOIL_TYPE_MANAGEMENT 0.10 | POST_HARVEST_HANDLING 0.08
pn mi maharashtra madhye rahato? mala bhihar cha tandul kasa milel,rom,seed sourcing,missed,trash_mulch 0.27 | trash_management 0.25 | downy_mildew 0.23,COLOR_CHANGE 0.25 | SEASONAL_TRANSITION_ALERT 0.21 | RATOON_MANAGEMENT_QUERY 0.19
rice growth stages?,en,CROP_STAGE_IDENTIFICATION,found,grand_growth_stage 0.71 | slow_early_growth 0.67 | growth_stage 0.63,GROWTH_ANOMALY 0.47 | CROP_STAGE_IDENTIFICATION 0.31 | STAGE_SPECIFIC_PROBLEM 0.25
rice pik kiti divasche aahe,rom,CROP_STAGE_IDENTIFICATION,missed,seedling_mortality_post_transplant 0.24 | market_price_low 0.24 | red_pith 0.23,MARKET_PRICE_QUERY 0.31 | DISEASE_LIKE_PATTERN 0.13 | BEST_PRACTICE_GENERAL 0.13
sadhya bhatachi kaay sthiti aahe,rom,CROP_HEALTH_DASHBOARD,missed,spray 0.33 | thin_stems 0.25 | seedling_mortality_post_transplant 0.24,STEM_DAMAGE 0.17 | HEATWAVE_STRESS 0.17 | WATER_STRESS_SIGNAL 0.15
sadhya konate khat devu,rom,FERTILIZER_SCHEDULE,missed,irrigate 0.22 | root_decay 0.18 | alternate_furrow 0.18,COST_ESTIMATION_QUERY 0.14 | SALINITY_PROBLEM 0.13 | CHEMICAL_SAFETY_QUERY 0.13
sadhya pikachi kaay sthiti aahe,rom,CROP_HEALTH_DASHBOARD,missed,spray 0.33 | thin_stems 0.25 | seedling_mortality_post_transplant 0.24,STEM_DAMAGE 0.17 | HEATWAVE_STRESS 0.17 | WIND_STORM_DAMAGE 0.15
soybean seed rate and spacing,en,SEED_SELECTION / spacing,found,spacing_query 0.57 | seed_quality 0.38 | obs_rice_no_emergence 0.33,WILTING_OR_DROOPING 0.25 | SEED_SELECTION 0.24 | SPRAY_TIMING_QUERY 0.24
udya favarani ghevu kay,rom,SPRAY_TIMING_QUERY,missed,fallback 0.22 | farm_setup 0.18 | poor_tillering 0.17,ORGANIC_FARMING_QUERY 0.14 | LODGING_OR_FALLING 0.14 | SUGAR_FACTORY_LOGISTICS 0.13
what are the symptoms of yellow mosaic virus in soybean?,en,yellow mosaic symptoms,partly,smut_symptoms 0.69 | yellowing 0.60 | symptoms_vague 0.60,YELLOWING 0.32 | DEFICIENCY_VS_DISEASE_CONFUSION 0.30 | CROP_MATURITY_QUERY 0.25
what is a sub-soiler and why is it recommended for soybean?,en,SOIL_HEALTH_RESTORATION,found,recommend 0.90 | soil_too_dry 0.44 | sodic_soil 0.44,SOIL_HEALTH_RESTORATION 0.33 | SOIL_TESTING_QUERY 0.31 | CROP_STAGE_IDENTIFICATION 0.25
what is rice blast?,en,blast,found,blast 1.00 | leaf_blast_symptoms 0.40 | block 0.33,CROP_STAGE_IDENTIFICATION 0.29 | MARKET_PRICE_QUERY 0.23 | UNKNOWN_PEST_IDENTIFICATION 0.19
what is the current growth stage and status of my rice crop on shinghan mal?,en,CROP_STAGE_IDENTIFICATION,found,crop_stage 0.84 | grand_growth_stage 0.79 | growth_stage 0.68,GROWTH_ANOMALY 0.47 | CROP_INSURANCE 0.40 | CROP_STAGE_IDENTIFICATION 0.38
what is the seed rate for soybean per hectare and the best sowing time?,en,seed rate + sowing time,missed,yellowing 0.40 | leaf_narrowing 0.40 | spray_timing 0.38,SPRAY_TIMING_QUERY 0.38 | SOIL_TESTING_QUERY 0.35 | HARVEST_TIMING 0.35
what is the seed rate for wheat?,en,seed rate,missed,seed_quality 0.38 | obs_rice_no_emergence 0.33 | sedge_weed 0.33,SPRAY_TIMING_QUERY 0.29 | SUGAR_FACTORY_LOGISTICS 0.28 | SEASONAL_TRANSITION_ALERT 0.28
which pests attack rice?,en,crop pest knowledge,missed,whitefly 0.41 | aphid 0.38 | pest_count 0.36,PEST_PRESENCE_VISIBLE 0.43 | COTTON_SUCKING_PEST 0.31 | NEXT_CROP_RECOMMENDATION 0.25
which soybean variety matures in about 97 days for the central zone?,en,VARIETY_SELECTION_QUERY,found,variety_query 0.57 | resistant_variety 0.44 | central_shoot_dry 0.44,VARIETY_SELECTION_QUERY 0.44 | SEED_SELECTION 0.38 | SUBSIDY_SCHEME_INFO 0.25
why should i use a power sprayer and when should i spray to protect beneficial insects?,en,SPRAY_TIMING_QUERY,found,spray 1.00 | need_to_spray 0.64 | tiny_insects 0.62,HARVEST_TIMING 0.64 | SPRAY_TIMING_QUERY 0.54 | UNKNOWN_PEST_IDENTIFICATION 0.40
ya ranant kay pik aahe,rom,which crop in this field,missed,seedling_mortality_post_transplant 0.24 | red_pith 0.22 | poor_tillering 0.21,RATOON_VS_REPLANT_DECISION 0.20 | TRANSPLANT_SHOCK 0.16 | RATOON_MANAGEMENT_QUERY 0.15
ya ranat konate pik aahe,rom,which crop in this field,missed,seedling_mortality_post_transplant 0.24 | irrigate 0.22 | red_pith 0.22,COST_ESTIMATION_QUERY 0.14 | RATOON_MANAGEMENT_QUERY 0.13 | RATOON_VS_REPLANT_DECISION 0.12
आता कोणते खत द्यावे,mr,FERTILIZER_SCHEDULE,found,irrigate 0.40 | fertilizer_application 0.38 | split_application 0.31,FERTILIZER_SCHEDULE 0.45 | COTTON_FERTILIZER_PLAN_QUERY 0.45 | NEXT_CROP_RECOMMENDATION 0.41
आता खत द्यावे काय,mr,FERTILIZER_SCHEDULE,found,irrigate 0.40 | fertilizer_application 0.38 | stress_unresolved 0.33,FERTILIZER_SCHEDULE 0.50 | COTTON_FERTILIZER_PLAN_QUERY 0.50 | COTTON_IRRIGATION_QUERY 0.39
आता खत द्यावे काय आणि किती द्यावे,mr,FERTILIZER_SCHEDULE,found,irrigate 0.40 | fertilizer_application 0.38 | stress_unresolved 0.33,FERTILIZER_SCHEDULE 0.76 | COTTON_FERTILIZER_PLAN_QUERY 0.76 | IRRIGATION_SCHEDULING_QUERY 0.43
आता या शेतात काय खत देवू,mr,FERTILIZER_SCHEDULE,missed,gaps_in_field 0.60 | trash_in_field 0.55 | onion_obs_basal_rot_field 0.48,WEED_PROBLEM 0.39 | MISSING_HILLS_GAPS 0.38 | SALINITY_PROBLEM 0.31
ऊस पिकाला काय खत देवू,mr,FERTILIZER_SCHEDULE,missed,thin_canes 0.50 | black_whip 0.50 | irrigate 0.44,GENERAL_CROP_INFO 0.29 | COTTON_FERTILIZER_PLAN_QUERY 0.28 | INTERCROPPING_QUERY 0.25
ऊसाला पाणी कधी द्यायचे?,mr,IRRIGATION_SCHEDULING_QUERY,found,irrigate 0.64 | irrigation_schedule 0.61 | water_sprouts 0.60,COTTON_IRRIGATION_QUERY 0.70 | WATERLOGGING_DAMAGE 0.45 | IRRIGATION_SCHEDULING_QUERY 0.42
कमी कालावधी व  कमी पाण्याचा भात पिक कोणते,mr,VARIETY_SELECTION_QUERY,missed,dry_spell 0.62 | pre_harvest_interval 0.59 | pre_harvest_window 0.59,WATER_STRESS_SIGNAL 0.75 | NUTRIENT_STRESS_SIGNAL 0.44 | POOR_TILLERING 0.40
कापणीला अजून किती दिवस?,mr,CROP_MATURITY_QUERY,missed,post_harvest 0.50 | harvest_operation 0.50 | harvest_method 0.42,IRRIGATION_SCHEDULING_QUERY 0.30 | PEST_PRESENCE_VISIBLE 0.29 | PHI_SAFETY_QUERY 0.29
कोणती फवारणी घ्यावी,mr,SPRAY_TIMING_QUERY,found,spray 1.00 | spray_timing 0.64 | spray_request 0.57,SPRAY_TIMING_QUERY 0.46 | NEXT_CROP_RECOMMENDATION 0.29 | WILTING_OR_DROOPING 0.25
खताचा पुढचा हप्ता कधी आणि किती द्यावा?,mr,FERTILIZER_SCHEDULE,found,irrigate 0.40 | maize_obs_aphid 0.36 | leaf_notches 0.33,FERTILIZER_SCHEDULE 0.77 | COTTON_FERTILIZER_PLAN_QUERY 0.77 | IRRIGATION_SCHEDULING_QUERY 0.43
खराब उगवण,mr,EMERGENCE_FAILURE,found,poor_germination 1.00 | germination_poor 0.56 | poor_germination_percent 0.56,EMERGENCE_FAILURE 0.50 | COTTON_BOLL_DAMAGE_QUERY 0.19 | COST_ESTIMATION_QUERY 0.18
चांगली उगवण होणे साठी काय खत द्यावे?,mr,FERTILIZER_SCHEDULE,found,potato_obs_emergence_ok 0.67 | poor_germination_percent 0.56 | germination_poor 0.56,EMERGENCE_FAILURE 0.50 | COTTON_FERTILIZER_PLAN_QUERY 0.45 | FERTILIZER_SCHEDULE 0.45
"जास्त उस उत्पादन साठी काय करावे, संपूर्ण नियोजन हवे",mr,full crop plan,partly,planning 1.00 | yield_decline 0.73 | gur_production 0.67,LABOR_PLANNING_QUERY 0.58 | YIELD_OR_OUTPUT_ISSUE 0.57 | YIELD_FORECAST_QUERY 0.57
तन जास्त आले आहे काय करावे,mr,WEED_PROBLEM,found,high_temperature 0.50 | weed_heavy 0.50 | excessive_tillers 0.50,WILTING_OR_DROOPING 0.35 | WATER_STRESS_SIGNAL 0.32 | CROP_MATURITY_QUERY 0.29
नवीन कोणते पिक घेवू ?,mr,NEXT_CROP_RECOMMENDATION,found,new_planting 0.45 | new_entry_holes_appearing 0.42 | white_young_leaves 0.33,NEXT_CROP_RECOMMENDATION 0.32 | RATOON_VS_REPLANT_DECISION 0.30 | WILTING_OR_DROOPING 0.25
"पाऊस नसले मुळ भात उगवले नाही, काय करावे?",mr,EMERGENCE_FAILURE,found,obs_rice_no_emergence 0.75 | obs_rice_patchy_emergence 0.62 | seed_not_germinated 0.61,UNKNOWN_OBSERVATION 0.50 | EMERGENCE_FAILURE 0.50 | WILTING_OR_DROOPING 0.25
पानांवर तपकिरी ठिपके / करपा दिसतोय,mr,LEAF_MARKS_OR_SPOTS,found,brown_spot_leaves 0.76 | frass_on_leaves 0.73 | honeydew_on_leaves 0.73,LEAF_MARKS_OR_SPOTS 0.67 | LEAF_DAMAGE_VISIBLE 0.33 | PEST_PRESENCE_VISIBLE 0.27
पानांवर हिऱ्यासारखे डाग आहेत,mr,blast,partly,honeydew_on_leaves 0.73 | frass_on_leaves 0.73 | leaf_spots 0.67,LEAF_MARKS_OR_SPOTS 0.67 | LEAF_DAMAGE_VISIBLE 0.33 | COTTON_SUCKING_PEST 0.25
पाने पिवळी पडत आहेत,mr,YELLOWING,found,yellowing_leaves 1.00 | leaf_yellowing 0.83 | yellowing 0.69,COTTON_NUTRIENT_DEFICIENCY_QUERY 0.86 | YELLOWING 0.67 | YELLOWING_AFTER_TRANSPLANT 0.40
पिक अजून उगवले नाही,mr,EMERGENCE_FAILURE,found,obs_rice_no_emergence 0.80 | poor_establishment 0.65 | seed_not_germinated 0.61,UNKNOWN_OBSERVATION 0.50 | EMERGENCE_FAILURE 0.40 | GERMINATION_NURSERY_ONLY 0.19
पिक अद्याप उगवले नाही,mr,EMERGENCE_FAILURE,found,seed_not_germinated 0.61 | obs_rice_no_emergence 0.55 | obs_rice_patchy_emergence 0.52,UNKNOWN_OBSERVATION 0.50 | EMERGENCE_FAILURE 0.40 | WEED_PROBLEM 0.20
पिक पिवळे पडले आहे काय करावे,mr,YELLOWING,missed,crop_lodged_fallen 0.63 | borer_holes 0.41 | lodged_canes 0.40,COTTON_NUTRIENT_DEFICIENCY_QUERY 0.37 | WILTING_OR_DROOPING 0.35 | DEFICIENCY_VS_DISEASE_CONFUSION 0.33
पिकाची ऊंची कमी आहे,mr,GROWTH_ANOMALY (stunting),partly,reduced_juice 0.57 | ndvi_decline 0.54 | reduced_vigor 0.50,POOR_TILLERING 0.40 | YIELD_OR_OUTPUT_ISSUE 0.29 | WILTING_OR_DROOPING 0.25
पिकाची वाढ कमी आहे,mr,reduced growth,found,reduced_growth 1.00 | cane_elongation 0.57 | reduced_juice 0.57,POOR_TILLERING 0.40 | YIELD_OR_OUTPUT_ISSUE 0.29 | GROWTH_ANOMALY 0.29
पिकाची वाढ कमी आहे आणि झाडे कोलमडत आहेत,mr,reduced growth + lodging,found,reduced_growth 1.00 | cane_elongation 0.57 | reduced_juice 0.57,POOR_TILLERING 0.40 | COTTON_WILT_QUERY 0.30 | YIELD_OR_OUTPUT_ISSUE 0.29
"पिकाची वाढ कमी आहे, काय करावे",mr,reduced growth,found,reduced_growth 1.00 | cane_elongation 0.57 | reduced_juice 0.57,POOR_TILLERING 0.40 | WILTING_OR_DROOPING 0.35 | YIELD_OR_OUTPUT_ISSUE 0.29
"पिकाची वाढ कमी आहे, पाने पिवळी पडत आहेत आणि झाडे कोलमडत आहेत",mr,yellowing + reduced growth,found,yellowing_leaves 1.00 | reduced_growth 1.00 | leaf_yellowing 0.83,COTTON_NUTRIENT_DEFICIENCY_QUERY 0.86 | YELLOWING 0.67 | YELLOWING_AFTER_TRANSPLANT 0.40
पिकाची वाढ कमी आहे.,mr,reduced growth,found,reduced_growth 1.00 | cane_elongation 0.57 | reduced_juice 0.57,POOR_TILLERING 0.40 | YIELD_OR_OUTPUT_ISSUE 0.29 | GROWTH_ANOMALY 0.29
पिकाच्या या अवस्थेत काय  फवारण घ्यावी,mr,SPRAY_TIMING_QUERY,found,spray 0.71 | critical_growth_stage 0.48 | multi_stage 0.45,SPRAY_TIMING_QUERY 0.38 | CROP_STAGE_IDENTIFICATION 0.38 | STAGE_SPECIFIC_PROBLEM 0.36
पिकाला जास्त फुटावा नाही काय karave,mr,POOR_TILLERING,partly,webbing 0.80 | excessive_tillers 0.75 | excessive_tillering 0.75,UNKNOWN_OBSERVATION 0.50 | EMERGENCE_FAILURE 0.41 | POOR_TILLERING 0.30
पीक उगवत नाही का?,mr,EMERGENCE_FAILURE,found,crop_lodged_fallen 0.50 | no_match 0.45 | ratoon_crop 0.44,EMERGENCE_FAILURE 1.00 | UNKNOWN_OBSERVATION 0.50 | CROP_INSURANCE 0.44
"पीक ओंबी धरायच्या अवस्थेत आहे, आता खत कोणतं?",mr,FERTILIZER_SCHEDULE,missed,crop_lodged_fallen 0.50 | multi_stage 0.45 | seedling_stage 0.45,CROP_STAGE_IDENTIFICATION 0.50 | CROP_INSURANCE 0.44 | STAGE_SPECIFIC_PROBLEM 0.36
"पीक पिवळं पडलंय, काय करू?",mr,YELLOWING,found,crop_lodged_fallen 0.50 | ratoon_crop 0.44 | yellowing_leaves 0.40,CROP_INSURANCE 0.44 | CROP_ROTATION_QUERY 0.33 | YELLOWING 0.27
पीक पिवळे पडले आहे काय करावे,mr,YELLOWING,missed,crop_lodged_fallen 0.63 | ratoon_crop 0.44 | borer_holes 0.41,CROP_INSURANCE 0.44 | COTTON_NUTRIENT_DEFICIENCY_QUERY 0.37 | WILTING_OR_DROOPING 0.35
पोटरी अवस्थेत पाणी किती ठेवायचं?,mr,IRRIGATION_QUERY,found,water_sprouts 0.60 | water_saving 0.56 | irrigate 0.50,WATERLOGGING_DAMAGE 0.45 | COTTON_IRRIGATION_QUERY 0.38 | IRRIGATION_QUERY 0.37
भात अजून उगवले नाही,mr,EMERGENCE_FAILURE,found,obs_rice_no_emergence 1.00 | seed_not_germinated 0.61 | obs_rice_patchy_emergence 0.52,UNKNOWN_OBSERVATION 0.50 | EMERGENCE_FAILURE 0.40 | UNKNOWN_PEST_IDENTIFICATION 0.27
भात अद्याप उगवले नाही,mr,EMERGENCE_FAILURE,found,obs_rice_no_emergence 0.62 | seed_not_germinated 0.61 | obs_rice_patchy_emergence 0.52,UNKNOWN_OBSERVATION 0.50 | EMERGENCE_FAILURE 0.40 | WEED_PROBLEM 0.20
भात कापणी कधी करावी,mr,HARVEST_TIMING,found,harvest_operation 0.60 | harvest_method 0.50 | post_harvest 0.50,HARVEST_TIMING 0.48 | COTTON_HARVEST_TIMING_QUERY 0.44 | PHI_SAFETY_QUERY 0.29
भात कापणीला किती दिवस बाकी? पीक तयार आहे का?,mr,CROP_MATURITY_QUERY,found,harvest_operation 0.50 | crop_lodged_fallen 0.50 | post_harvest 0.50,CROP_MATURITY_QUERY 0.76 | CROP_INSURANCE 0.44 | WILTING_OR_DROOPING 0.41
भात फक्त काही ठिकाणी उगवले आहे,mr,patchy emergence,found,obs_rice_patchy_emergence 0.86 | patchy_germination 0.71 | poor_germination_patchy 0.53,UNEVEN_FIELD_PATTERN 0.32 | EMERGENCE_FAILURE 0.30 | HEATWAVE_STRESS 0.25
भाताची वाढ होत नाही.,mr,reduced growth,found,cane_elongation 0.57 | slow_growth 0.50 | reduced_growth 0.50,UNKNOWN_OBSERVATION 0.50 | EMERGENCE_FAILURE 0.29 | GROWTH_ANOMALY 0.29
भाताला कोणती फवारणी घ्यावी,mr,SPRAY_TIMING_QUERY,found,spray 1.00 | spray_timing 0.64 | spray_request 0.57,SPRAY_TIMING_QUERY 0.46 | NEXT_CROP_RECOMMENDATION 0.29 | WILTING_OR_DROOPING 0.25
भातावर कोणत्या किडी येतात?,mr,crop pest knowledge,missed,insect_eggs 0.42 | shedding_of_squares 0.36 | maize_obs_smut 0.36,WEED_PROBLEM 0.30 | PEST_DAMAGE_REPORT 0.29 | PEST_PRESENCE_VISIBLE 0.27
माझ्या खारी जमिनीत आता काय करू? मागच्या वेळी गहू होते,mr,NEXT_CROP_RECOMMENDATION,found,wheat_obs_aphid 0.44 | maize_obs_aphid 0.42 | wheat_obs_termite 0.40,NEXT_CROP_RECOMMENDATION 0.35 | GROWTH_ANOMALY 0.31 | HARVEST_TIMING 0.30
माझ्या पिकाला कोणते खत द्यावे?,mr,FERTILIZER_SCHEDULE,found,irrigate 0.63 | black_whip 0.50 | irrigation_needed 0.45,COTTON_FERTILIZER_PLAN_QUERY 0.45 | FERTILIZER_SCHEDULE 0.45 | NEXT_CROP_RECOMMENDATION 0.41
माझ्या पिकाला कोणते खत द्यावे? 10:42 pm,mr,FERTILIZER_SCHEDULE,found,irrigate 0.63 | black_whip 0.50 | irrigation_needed 0.45,COTTON_FERTILIZER_PLAN_QUERY 0.45 | FERTILIZER_SCHEDULE 0.45 | NEXT_CROP_RECOMMENDATION 0.41
माझ्या भागात गहू पेरण्यासाठी सर्वोत्तम वेळ कोणती?,mr,sowing time,partly,wheat_obs_aphid 0.44 | maize_obs_aphid 0.42 | no_above_ground_pest 0.41,BEST_PRACTICE_GENERAL 0.62 | SPRAY_TIMING_QUERY 0.44 | PLANTING_METHOD_QUERY 0.42
माझ्या भाताची रोपे खुंटली आहेत आणि पाने पिवळी पडत आहेत,mr,yellowing,found,yellowing_leaves 1.00 | leaf_yellowing 0.83 | yellowing 0.69,COTTON_NUTRIENT_DEFICIENCY_QUERY 0.86 | YELLOWING 0.67 | YELLOWING_AFTER_TRANSPLANT 0.40
मी कोणता उस लावू,mr,VARIETY_SELECTION_QUERY,missed,reduced_juice 0.29 | reduced_vigor 0.25 | maize_obs_heat_stress 0.25,WILTING_OR_DROOPING 0.25 | YIELD_OR_OUTPUT_ISSUE 0.20 | POOR_TILLERING 0.20
मी सोयाबीन पिक कसे घेवू आणू जास्त उत्पन्न देणारे बी कोणते,mr,VARIETY / how to grow,missed,soybean_obs_harvest 0.62 | soybean_obs_termite 0.62 | soybean_obs_rust 0.62,YIELD_FORECAST_QUERY 0.29 | YIELD_OR_OUTPUT_ISSUE 0.29 | NEXT_CROP_RECOMMENDATION 0.27
या टप्प्यावर काय खत द्यावं?,mr,FERTILIZER_SCHEDULE,found,adult 0.45 | stage_query 0.42 | irrigate 0.40,FERTILIZER_SCHEDULE 0.36 | COTTON_FERTILIZER_PLAN_QUERY 0.36 | WEED_PROBLEM 0.30
या शेतात कोणते नवीन पिक घेवू?,mr,NEXT_CROP_RECOMMENDATION,found,gaps_in_field 0.60 | trash_in_field 0.55 | new_planting 0.45,NEXT_CROP_RECOMMENDATION 0.38 | MISSING_HILLS_GAPS 0.38 | WEED_PROBLEM 0.36
या शेतात कोणते पिक आहे,mr,which crop in this field,missed,gaps_in_field 0.60 | trash_in_field 0.55 | onion_obs_basal_rot_field 0.43,NEXT_CROP_RECOMMENDATION 0.40 | WEED_PROBLEM 0.38 | MISSING_HILLS_GAPS 0.38
या शेतात कोणते पिक घ्यावे?,mr,NEXT_CROP_RECOMMENDATION,found,gaps_in_field 0.60 | trash_in_field 0.55 | onion_obs_basal_rot_field 0.43,NEXT_CROP_RECOMMENDATION 0.56 | CROP_ROTATION_QUERY 0.42 | MISSING_HILLS_GAPS 0.38
या शेतात कोणते पिक होते?,mr,previous crop in this field,missed,gaps_in_field 0.60 | trash_in_field 0.55 | onion_obs_basal_rot_field 0.43,NEXT_CROP_RECOMMENDATION 0.47 | MISSING_HILLS_GAPS 0.38 | WEED_PROBLEM 0.36
या शेतात खूप तन आले आहे,mr,WEED_PROBLEM,found,gaps_in_field 0.60 | trash_in_field 0.55 | excessive_tillers 0.42,WEED_PROBLEM 0.38 | MISSING_HILLS_GAPS 0.38 | UNEVEN_FIELD_PATTERN 0.30
या शेतात तन येवू नये म्हणून काय मारावे ?,mr,WEED_PROBLEM,found,gaps_in_field 0.60 | trash_in_field 0.55 | onion_obs_basal_rot_field 0.39,MISSING_HILLS_GAPS 0.38 | WEED_PROBLEM 0.36 | UNEVEN_FIELD_PATTERN 0.30
या शेतातील पिक अजून उगवले नाही,mr,EMERGENCE_FAILURE,found,poor_establishment 1.00 | obs_rice_no_emergence 0.80 | seed_not_germinated 0.61,UNKNOWN_OBSERVATION 0.50 | EMERGENCE_FAILURE 0.40 | MISSING_HILLS_GAPS 0.33
या शेतातील पिक अजून उगवले नाही 01:06 pm,mr,EMERGENCE_FAILURE,found,poor_establishment 1.00 | obs_rice_no_emergence 0.80 | seed_not_germinated 0.61,UNKNOWN_OBSERVATION 0.50 | EMERGENCE_FAILURE 0.40 | MISSING_HILLS_GAPS 0.33
या शेतातील पिक अजून उगवले नाही 11:13 pm,mr,EMERGENCE_FAILURE,found,poor_establishment 1.00 | obs_rice_no_emergence 0.80 | seed_not_germinated 0.61,UNKNOWN_OBSERVATION 0.50 | EMERGENCE_FAILURE 0.40 | MISSING_HILLS_GAPS 0.33
युरिया किती प्रमाणात टाकू?,mr,FERTILIZER_SCHEDULE (urea dose),missed,low_infestation 0.40 | sett_treatment 0.32 | spray_timing 0.30,SEED_SETT_TREATMENT 0.32 | COTTON_DEFOLIATION_QUERY 0.30 | RATOON_MANAGEMENT_QUERY 0.23
"रोपे बारीक दिसत आहेत, कोणते खत द्यावे?",mr,FERTILIZER_SCHEDULE,found,weed_present 0.77 | burrows_visible 0.67 | larva_present 0.62,FERTILIZER_SCHEDULE 0.45 | COTTON_FERTILIZER_PLAN_QUERY 0.45 | NEXT_CROP_RECOMMENDATION 0.41
शेतात खूप तन आले आहे,mr,WEED_PROBLEM,found,gaps_in_field 0.60 | trash_in_field 0.55 | excessive_tillers 0.42,UNEVEN_FIELD_PATTERN 0.30 | WEED_PROBLEM 0.30 | MISSING_HILLS_GAPS 0.25
शेतात गॅप दिसत आहेत,mr,MISSING_HILLS_GAPS,found,gaps_in_field 1.00 | weed_present 0.77 | burrows_visible 0.67,MISSING_HILLS_GAPS 0.42 | UNEVEN_FIELD_PATTERN 0.30 | PEST_PRESENCE_VISIBLE 0.27
शेतात जमिनी मध्ये खूप भेगा पडल्या आहेत,mr,soil cracks,found,cracks_in_soil 0.68 | gaps_in_field 0.60 | trash_in_field 0.55,UNEVEN_FIELD_PATTERN 0.30 | WEED_PROBLEM 0.30 | MISSING_HILLS_GAPS 0.29
"शेतात तण खूप आले आहेत, कोणते तणनाशक फवारावे",mr,WEED_PROBLEM,found,gaps_in_field 0.60 | weed_heavy 0.58 | spray 0.57,WEED_PROBLEM 0.35 | SPRAY_TIMING_QUERY 0.31 | UNEVEN_FIELD_PATTERN 0.30
शेतात तन जास्त आले आहे काय वापरावे,mr,WEED_PROBLEM,found,apply 0.83 | gaps_in_field 0.60 | trash_in_field 0.55,WEED_PROBLEM 0.38 | EQUIPMENT_USAGE 0.36 | WILTING_OR_DROOPING 0.35
सध्या उसाला काय खत देवू,mr,FERTILIZER_SCHEDULE,partly,black_whip 0.40 | webbing 0.40 | fertilizer_application 0.38,WEED_PROBLEM 0.33 | COTTON_FERTILIZER_PLAN_QUERY 0.28 | SALINITY_PROBLEM 0.27
सध्या पिकाची काय स्थिति आहे,mr,CROP_HEALTH_DASHBOARD,found,ndvi_stable 0.60 | ndvi_improving 0.53 | new_planting 0.53,CROP_HEALTH_DASHBOARD 0.35 | WEED_PROBLEM 0.33 | YIELD_FORECAST_QUERY 0.30
सध्या पिकाची काय स्थिति आहे.,mr,CROP_HEALTH_DASHBOARD,found,ndvi_stable 0.60 | ndvi_improving 0.53 | new_planting 0.53,CROP_HEALTH_DASHBOARD 0.35 | WEED_PROBLEM 0.33 | YIELD_FORECAST_QUERY 0.30
सोयाबीन मध्ये ही kds जात आहे का आणि कोणती आहे,mr,variety info,missed,soybean_obs_termite 0.62 | soybean_obs_harvest 0.62 | soybean_obs_rust 0.62,WILTING_OR_DROOPING 0.41 | CROP_MATURITY_QUERY 0.33 | WEED_PROBLEM 0.29
सोयाबीन में पीला मोज़ेक रोग के लक्षण क्या हैं?,hi,yellow mosaic symptoms,partly,disease_symptoms 1.00 | smut_symptoms 0.81 | symptoms_mild 0.75,NUTRIENT_TOXICITY_ALERT 0.39 | DISEASE_LIKE_PATTERN 0.36 | PEST_PRESENCE_VISIBLE 0.35
सोयाबीनसाठी बियाणे किती लागते?,mr,SEED_SELECTION (seed rate),found,soybean_obs_termite 0.54 | soybean_obs_harvest 0.54 | soybean_obs_rust 0.54,SEED_SELECTION 0.44 | LABOR_PLANNING_QUERY 0.34 | COST_ESTIMATION_QUERY 0.33
सोयाबीनसाठी हेक्टरी बियाणे दर किती आणि पेरणी कधी करावी?,mr,SEED_SELECTION (seed rate),found,soybean_obs_harvest 0.54 | soybean_obs_termite 0.54 | soybean_obs_rust 0.54,HARVEST_TIMING 0.48 | SEED_SELECTION 0.44 | COTTON_FERTILIZER_PLAN_QUERY 0.43
